{"cameraMode":{"drawMode":0,"name":"Shaded","section":"Shading Mode"},"sceneLighting":false,"audioPlay":false,"sceneViewState":{"showFog":true,"showMaterialUpdate":false,"showSkybox":false,"showFlares":true,"showImageEffects":true,"showParticleSystems":true},"in2DMode":false,"pivot":{"x":0.22453249990940095,"y":-0.47543442249298098,"z":0.449007511138916},"rotation":{"x":0.20438693463802339,"y":0.11568322777748108,"z":-0.024354202672839166,"w":0.9717478156089783},"size":2.8578836917877199,"orthographic":false}